frame_id,id,bbox_x,bbox_y,bbox_width,bbox_height,presence
0,1,734,248,161,438,1
0,2,340,307,114,330,1
0,3,425,296,101,346,1
0,4,928,396,274,134,1
0,5,172,326,64,238,1
0,6,300,334,68,265,1
0,7,878,364,58,201,1
0,8,555,332,70,238,1
1,1,735,249,160,435,1
1,2,339,306,115,333,1
1,3,426,296,102,347,1
1,4,945,396,260,127,1
1,5,173,326,64,238,1
1,6,301,335,67,264,1
1,7,880,363,58,199,1
1,8,553,332,71,241,1
2,1,737,248,160,435,1
2,2,334,305,115,335,1
2,3,426,296,101,349,1
2,4,958,396,260,126,1
2,5,172,327,64,237,1
2,7,884,363,58,199,1
2,8,560,325,71,244,1
3,1,738,248,161,438,1
3,2,326,304,118,339,1
3,3,426,297,101,349,1
3,4,982,397,242,117,1
3,5,172,328,64,237,1
3,7,882,363,58,199,1
3,8,568,335,67,226,1
4,1,738,246,160,437,1
4,2,321,303,120,344,1
4,3,425,297,102,353,1
4,4,1008,396,208,99,1
4,5,171,327,64,239,1
4,7,880,364,57,197,1
4,8,579,346,60,206,1
5,1,740,247,159,435,1
5,2,318,304,119,340,1
5,3,427,299,102,351,1
5,4,1018,396,207,98,1
5,5,169,326,65,240,1
5,7,879,365,56,195,1
6,1,743,253,156,430,1
6,2,315,301,121,345,1
6,3,426,300,101,352,1
6,4,1029,397,201,93,1
6,5,168,325,65,242,1
6,7,878,367,56,197,1
7,1,747,254,158,436,1
7,2,313,299,122,347,1
7,3,426,302,101,349,1
7,4,1038,395,207,96,1
7,5,167,325,65,242,1
7,7,879,367,55,194,1
7,9,1,409,104,150,1
8,1,751,257,157,434,1
8,2,312,298,122,349,1
8,3,426,302,101,348,1
8,4,1045,395,211,98,1
8,5,165,324,65,242,1
8,7,879,367,55,194,1
8,9,-5,398,115,166,1
8,8,586,363,57,196,1
9,1,754,260,156,430,1
9,2,312,298,121,348,1
9,3,426,302,100,348,1
9,4,1061,396,196,91,1
9,5,163,324,66,242,1
9,7,880,366,54,196,1
9,9,-7,395,118,171,1
9,8,585,357,57,200,1
10,1,762,267,152,419,1
10,2,309,297,121,348,1
10,3,425,302,99,348,1
10,4,1072,397,196,91,1
10,5,161,323,67,243,1
10,9,34,382,87,117,1
10,8,586,355,56,200,1
11,1,767,268,151,418,1
11,2,307,296,120,349,1
11,3,424,303,98,346,1
11,4,1083,396,196,92,1
11,5,162,322,67,244,1
11,8,587,353,56,201,1
12,1,770,267,152,419,1
12,2,305,294,121,352,1
12,3,422,305,99,345,1
12,4,1093,398,192,92,1
12,5,161,321,68,245,1
12,8,587,350,56,202,1
12,9,49,377,77,97,1
13,1,774,263,151,419,1
13,2,304,295,121,352,1
13,3,423,306,99,345,1
13,4,1097,398,197,96,1
13,5,161,322,68,244,1
13,8,588,347,56,202,1
14,1,778,257,151,422,1
14,2,305,295,119,350,1
14,3,424,306,99,345,1
14,4,1111,398,188,94,1
14,5,160,324,68,242,1
14,8,589,346,56,202,1
15,1,781,255,151,420,1
15,2,303,296,120,352,1
15,3,423,307,99,344,1
15,4,1126,397,178,92,1
15,5,160,326,68,241,1
15,8,589,347,55,202,1
16,1,786,253,151,421,1
16,2,303,297,119,351,1
16,3,422,308,100,344,1
16,4,1137,395,174,94,1
16,5,160,326,68,241,1
16,8,589,348,55,201,1
17,1,790,252,152,423,1
17,2,302,298,118,348,1
17,3,420,308,101,344,1
17,4,1142,393,180,102,1
17,5,160,326,68,242,1
17,8,590,349,55,201,1
18,1,794,254,151,418,1
18,2,302,299,117,348,1
18,3,415,309,103,344,1
18,5,160,327,69,241,1
18,8,590,351,56,201,1
19,1,797,258,153,414,1
19,2,302,299,118,350,1
19,3,412,309,102,343,1
19,5,160,327,69,241,1
19,8,590,353,56,200,1
20,1,800,261,155,415,1
20,2,304,299,117,350,1
20,3,412,310,102,342,1
20,5,159,327,70,242,1
20,8,590,355,56,199,1
20,10,524,378,43,166,1
21,1,802,262,156,417,1
21,2,304,299,117,351,1
21,3,412,310,103,342,1
21,5,157,327,70,240,1
21,8,590,355,56,197,1
21,10,523,376,44,168,1
22,1,805,266,156,413,1
22,2,304,297,117,350,1
22,3,409,310,103,342,1
22,5,156,325,71,241,1
22,8,590,357,56,195,1
22,10,523,377,44,169,1
23,1,806,267,156,411,1
23,2,305,297,116,348,1
23,3,407,309,104,343,1
23,5,155,324,71,242,1
23,8,588,356,57,196,1
23,10,523,377,44,169,1
24,1,805,268,157,408,1
24,2,304,296,116,349,1
24,3,407,310,103,340,1
24,5,154,324,72,243,1
24,8,587,354,58,200,1
24,10,523,378,43,167,1
25,1,804,265,158,412,1
25,2,303,294,117,352,1
25,3,407,310,102,338,1
25,5,153,323,73,244,1
25,8,587,353,58,200,1
25,10,523,378,44,167,1
26,1,803,265,158,408,1
26,2,303,294,117,353,1
26,3,407,308,102,340,1
26,5,152,323,73,242,1
26,8,587,351,60,202,1
26,10,524,379,43,165,1
27,1,801,262,160,412,1
27,2,301,295,117,354,1
27,3,405,308,102,341,1
27,5,153,324,73,241,1
27,8,588,350,60,202,1
27,10,524,379,43,165,1
28,1,800,260,159,413,1
28,2,301,297,115,352,1
28,3,405,308,101,340,1
28,5,152,325,74,242,1
28,8,588,350,59,199,1
28,10,524,379,43,165,1
29,1,798,258,159,415,1
29,2,301,297,113,350,1
29,3,406,306,102,344,1
29,5,152,325,75,241,1
29,8,589,350,60,201,1
29,10,524,379,42,162,1
30,1,796,257,159,418,1
30,2,301,298,113,348,1
30,3,408,306,102,343,1
30,5,150,326,76,241,1
30,8,589,352,59,197,1
30,10,525,380,41,160,1
31,1,796,257,159,420,1
31,2,302,299,112,347,1
31,3,408,304,102,345,1
31,5,148,326,77,242,1
31,8,589,353,60,199,1
31,10,527,384,39,147,1
32,1,796,258,158,421,1
32,2,301,300,112,346,1
32,3,407,304,103,346,1
32,5,146,324,78,244,1
32,8,589,353,60,197,1
32,10,527,384,39,148,1
33,1,797,263,156,418,1
33,2,301,300,112,346,1
33,3,407,302,104,349,1
33,5,143,324,79,244,1
33,8,589,355,60,194,1
33,10,527,384,39,146,1
34,1,799,266,154,418,1
34,2,299,300,113,348,1
34,3,409,303,104,347,1
34,5,140,323,80,244,1
34,8,589,355,60,194,1
34,10,526,381,41,160,1
35,1,805,270,150,410,1
35,2,298,299,114,352,1
35,3,409,303,105,348,1
35,5,136,322,82,246,1
35,8,589,357,60,192,1
35,10,523,379,44,167,1
36,1,809,270,149,408,1
36,2,297,297,116,356,1
36,3,410,303,105,348,1
36,5,135,322,82,244,1
36,8,590,357,60,190,1
36,10,522,381,42,159,1
37,1,814,271,148,408,1
37,2,297,298,116,354,1
37,3,409,303,105,349,1
37,5,134,321,83,246,1
37,8,591,357,59,190,1
37,10,521,385,41,149,1
38,1,819,272,147,407,1
38,2,296,299,117,353,1
38,3,407,304,105,349,1
38,5,133,322,84,245,1
38,8,591,355,61,195,1
38,10,519,382,43,155,1
38,11,784,401,44,155,1
39,1,823,269,146,407,1
39,2,295,298,118,354,1
39,3,406,304,104,349,1
39,5,132,322,85,246,1
39,8,592,354,61,196,1
39,10,525,384,41,147,1
39,11,785,401,45,156,1
39,12,0,408,106,152,1
40,1,826,266,147,409,1
40,2,295,298,118,354,1
40,3,403,304,105,351,1
40,5,132,324,85,244,1
40,8,593,354,61,196,1
40,10,526,387,40,142,1
40,11,784,400,46,158,1
40,12,-6,396,117,168,1
41,1,828,261,149,412,1
41,2,295,296,118,357,1
41,3,403,308,103,347,1
41,5,131,325,85,244,1
41,8,593,352,61,197,1
41,10,525,386,42,151,1
41,11,784,401,45,155,1
41,12,-7,396,117,168,1
42,1,832,259,151,414,1
42,2,296,296,118,358,1
42,3,402,309,101,345,1
42,5,129,326,86,243,1
42,8,593,351,61,196,1
42,10,525,383,43,156,1
42,11,784,401,45,155,1
42,12,-9,392,120,173,1
43,1,838,258,153,414,1
43,2,296,297,117,355,1
43,3,401,308,101,347,1
43,5,126,326,87,244,1
43,8,594,349,61,195,1
43,10,525,381,44,160,1
43,11,783,401,45,154,1
43,12,-5,394,116,169,1
44,1,843,260,153,409,1
44,2,297,300,116,352,1
44,3,400,306,100,348,1
44,5,124,324,88,247,1
44,8,594,350,61,196,1
44,10,527,384,41,152,1
44,11,782,401,45,153,1
44,12,-9,392,119,173,1
45,1,845,263,154,404,1
45,2,298,301,114,350,1
45,3,397,307,100,349,1
45,5,124,323,87,249,1
45,8,595,351,60,193,1
45,10,526,385,42,150,1
45,11,782,401,44,151,1
45,12,-9,391,117,173,1
46,1,846,265,156,405,1
46,2,299,301,114,351,1
46,3,395,306,100,351,1
46,5,122,323,87,248,1
46,8,595,351,60,193,1
46,10,526,385,42,150,1
46,11,781,400,46,155,1
46,12,-3,399,110,162,1
47,1,847,267,156,401,1
47,2,300,302,113,351,1
47,3,394,306,99,351,1
47,5,121,323,87,248,1
47,8,596,354,59,192,1
47,10,526,385,42,152,1
47,11,781,398,46,155,1
47,12,0,402,106,158,1
47,13,480,343,51,215,1
48,1,850,270,157,401,1
48,2,300,302,112,351,1
48,3,395,306,98,346,1
48,5,120,322,87,248,1
48,8,597,355,58,191,1
48,10,526,384,42,154,1
48,11,780,398,47,156,1
48,12,0,404,105,155,1
48,13,479,344,51,214,1
49,1,850,271,159,400,1
49,2,301,302,111,352,1
49,3,394,305,97,347,1
49,5,120,322,87,248,1
49,8,598,355,58,191,1
49,10,525,384,42,154,1
49,11,780,400,46,153,1
49,12,0,407,104,152,1
49,13,479,346,50,212,1
49,14,1149,371,76,149,1
50,1,849,270,160,401,1
50,2,302,300,110,356,1
50,3,393,302,98,352,1
50,5,119,320,87,251,1
50,8,600,357,56,188,1
50,10,524,384,43,154,1
50,11,778,400,47,155,1
50,12,0,408,104,151,1
50,13,479,347,49,209,1
50,14,1140,371,71,139,1
50,15,812,285,71,356,1
51,1,848,270,160,401,1
51,2,304,298,109,356,1
51,3,393,302,98,352,1
51,5,119,320,87,252,1
51,8,601,357,56,186,1
51,10,525,385,42,153,1
51,11,778,402,46,152,1
51,12,0,409,103,150,1
51,13,478,347,50,210,1
51,14,1129,371,75,147,1
51,15,810,282,71,357,1
52,1,847,269,160,397,1
52,2,306,298,108,356,1
52,3,394,302,98,350,1
52,5,118,320,87,254,1
52,8,602,356,55,187,1
52,10,525,384,42,154,1
52,11,777,403,46,152,1
52,12,-2,401,107,159,1
52,13,477,343,52,214,1
52,14,1117,370,76,148,1
52,15,808,279,72,359,1
53,1,846,267,159,396,1
53,2,307,297,107,357,1
53,3,395,301,98,352,1
53,5,119,321,87,251,1
53,8,602,355,55,187,1
53,10,525,383,42,154,1
53,11,775,403,48,154,1
53,12,0,405,103,155,1
53,13,477,339,52,217,1
53,14,1110,370,71,138,1
53,15,808,279,72,362,1
54,1,845,264,159,400,1
54,2,307,296,107,356,1
54,3,395,300,99,353,1
54,5,119,321,87,252,1
54,8,603,354,55,189,1
54,10,526,383,41,155,1
54,11,773,403,48,154,1
54,12,-3,399,107,162,1
54,13,476,338,52,216,1
54,14,1099,371,72,137,1
54,15,807,277,73,367,1
55,1,844,264,159,402,1
55,2,307,295,106,356,1
55,3,396,301,98,352,1
55,5,119,322,86,250,1
55,8,603,354,54,186,1
55,10,526,383,41,155,1
55,11,772,403,48,155,1
55,12,-4,397,108,164,1
55,13,476,336,53,218,1
55,14,1084,371,75,143,1
55,15,810,280,74,367,1
56,1,844,264,158,403,1
56,2,306,294,105,357,1
56,3,397,301,98,352,1
56,5,119,323,86,249,1
56,8,603,354,53,186,1
56,10,526,382,42,156,1
56,11,770,402,50,155,1
56,12,-4,396,109,165,1
56,13,476,334,53,220,1
56,14,1077,370,77,146,1
56,15,809,278,75,372,1
57,1,846,266,154,400,1
57,2,303,293,105,355,1
57,3,400,301,97,351,1
57,5,119,324,85,247,1
57,8,602,353,53,187,1
57,10,526,382,42,156,1
57,11,769,400,51,156,1
57,12,-4,394,109,168,1
57,13,475,333,53,221,1
57,14,1067,372,78,146,1
57,15,809,280,75,370,1
58,1,848,268,152,399,1
58,2,302,294,106,354,1
58,3,404,302,97,349,1
58,5,118,324,85,246,1
58,8,602,356,53,186,1
58,10,526,382,41,156,1
58,11,769,399,51,157,1
58,12,-3,395,108,167,1
58,13,474,335,52,220,1
58,14,1056,372,77,142,1
58,15,809,282,75,367,1
59,1,850,269,150,396,1
59,2,299,294,108,356,1
59,3,407,302,97,350,1
59,5,116,324,85,246,1
59,8,603,357,51,183,1
59,10,527,382,40,155,1
59,11,769,399,51,157,1
59,12,-2,396,106,166,1
59,13,474,338,52,218,1
59,14,1040,372,76,140,1
59,15,809,283,74,365,1
60,1,853,271,148,396,1
60,2,300,295,108,355,1
60,3,410,299,99,356,1
60,5,115,324,85,246,1
60,8,602,360,51,181,1
60,10,527,381,40,157,1
60,11,769,399,52,155,1
60,12,-3,395,107,167,1
60,14,1025,372,80,148,1
60,15,808,286,75,365,1
61,1,857,272,147,395,1
61,2,300,297,109,355,1
61,3,412,300,99,353,1
61,5,115,324,85,246,1
61,8,601,361,51,180,1
61,10,526,381,41,157,1
61,11,769,401,52,153,1
61,12,0,399,105,163,1
61,14,1015,374,74,135,1
61,15,809,287,76,367,1
62,1,860,273,146,394,1
62,2,295,297,112,360,1
62,3,413,300,100,352,1
62,5,114,323,85,247,1
62,8,602,362,51,178,1
62,10,526,381,41,158,1
62,11,769,403,51,151,1
62,12,1,402,103,159,1
62,14,1004,372,73,133,1
62,15,810,288,76,364,1
63,1,863,276,144,391,1
63,2,291,297,114,362,1
63,3,415,298,101,354,1
63,5,112,322,86,249,1
63,8,603,363,51,179,1
63,10,526,381,41,160,1
63,11,767,404,51,151,1
63,12,2,404,101,156,1
63,15,811,286,77,362,1
64,1,869,273,146,395,1
64,2,289,299,113,357,1
64,3,417,295,103,357,1
64,5,113,322,85,249,1
64,8,616,356,55,188,1
64,10,526,382,40,157,1
64,11,766,405,50,149,1
64,12,2,407,101,153,1
64,15,811,285,79,361,1
65,1,876,269,146,397,1
65,2,286,297,115,360,1
65,3,419,296,104,357,1
65,5,113,322,85,249,1
65,8,627,358,58,185,1
65,10,526,382,40,157,1
65,11,765,406,51,149,1
65,12,2,407,101,152,1
65,15,811,282,81,365,1
66,1,882,266,146,400,1
66,2,283,295,116,358,1
66,3,421,295,105,358,1
66,5,113,323,85,248,1
66,8,627,357,61,188,1
66,10,526,383,40,155,1
66,11,766,406,50,148,1
66,12,2,408,101,151,1
66,15,811,278,84,373,1
67,1,885,262,148,405,1
67,2,280,294,116,357,1
67,3,421,294,106,359,1
67,5,112,323,86,250,1
67,10,526,382,40,156,1
67,11,766,405,51,149,1
67,12,-1,400,105,160,1
67,15,812,276,85,376,1
68,1,890,261,148,402,1
68,2,277,292,118,359,1
68,3,423,295,106,358,1
68,5,112,324,85,248,1
68,10,526,381,41,159,1
68,11,767,403,52,151,1
68,12,-2,397,106,164,1
68,15,812,277,86,376,1
69,1,895,263,149,398,1
69,2,275,291,119,361,1
69,3,423,296,106,357,1
69,5,113,325,84,247,1
69,10,526,380,41,161,1
69,11,767,403,52,150,1
69,12,-3,396,107,165,1
69,15,813,281,85,370,1
70,1,898,263,152,402,1
70,2,273,290,119,363,1
70,3,423,298,106,355,1
70,5,113,325,84,247,1
70,10,527,381,41,158,1
70,11,766,402,52,150,1
70,12,-3,397,105,164,1
70,15,813,283,87,373,1
70,8,627,353,62,188,1
71,1,902,266,151,397,1
71,2,273,291,119,362,1
71,3,423,303,104,350,1
71,5,115,326,84,246,1
71,10,528,382,40,153,1
71,11,765,402,52,151,1
71,12,-3,396,105,165,1
71,15,814,286,87,371,1
71,8,627,353,61,181,1
72,1,904,267,153,396,1
72,2,274,291,119,362,1
72,3,424,304,105,349,1
72,5,116,325,84,247,1
72,10,528,382,39,151,1
72,11,765,401,52,152,1
72,15,814,287,88,371,1
72,8,626,353,64,182,1
73,1,906,269,155,397,1
73,2,276,291,118,361,1
73,3,425,300,107,359,1
73,5,117,324,85,248,1
73,10,529,382,38,148,1
73,11,765,401,52,151,1
73,15,814,288,89,371,1
73,8,627,354,63,176,1
73,16,373,335,59,246,1
74,1,906,271,157,397,1
74,2,276,294,118,358,1
74,3,427,297,108,362,1
74,5,116,322,86,251,1
74,10,528,381,39,149,1
74,11,765,402,51,150,1
74,15,815,288,90,372,1
74,8,627,359,62,165,1
74,16,372,334,60,247,1
75,1,906,271,157,395,1
75,2,277,293,117,358,1
75,3,428,296,109,360,1
75,5,116,321,86,252,1
75,11,764,402,51,149,1
75,15,813,282,93,378,1
75,16,374,335,59,246,1
76,1,907,270,157,393,1
76,2,276,293,117,358,1
76,3,426,298,109,355,1
76,5,117,321,86,253,1
76,11,765,402,52,149,1
76,15,812,280,94,377,1
76,16,376,336,59,245,1
77,1,905,266,160,397,1
77,2,278,293,117,358,1
77,3,426,297,108,355,1
77,5,117,320,86,254,1
77,11,763,403,51,148,1
77,15,811,277,95,381,1
77,16,377,336,58,243,1
78,1,903,264,160,398,1
78,2,279,292,118,361,1
78,3,424,293,111,365,1
78,5,118,319,86,255,1
78,11,762,403,51,150,1
78,15,809,275,97,383,1
78,16,377,333,59,244,1
79,1,904,266,159,397,1
79,2,281,293,119,361,1
79,3,425,295,111,362,1
79,5,117,321,86,250,1
79,11,762,403,50,148,1
79,15,807,275,98,381,1
79,16,377,330,58,247,1
80,1,904,266,157,397,1
80,2,284,294,118,359,1
80,3,425,295,112,362,1
80,5,117,321,86,248,1
80,11,762,399,51,154,1
80,15,807,276,98,382,1
80,16,376,325,60,256,1
81,1,904,268,156,396,1
81,2,286,294,119,358,1
81,3,426,297,110,356,1
81,5,117,322,86,247,1
81,11,761,397,52,157,1
81,15,806,278,100,380,1
81,16,374,322,62,263,1
81,12,-14,339,136,222,1
82,1,905,268,155,398,1
82,2,289,294,118,355,1
82,3,428,297,110,356,1
82,5,116,322,87,248,1
82,11,761,396,52,157,1
82,15,805,280,101,379,1
82,16,374,317,64,273,1
82,12,-11,342,131,219,1
83,1,908,268,154,397,1
83,2,290,293,118,355,1
83,3,428,297,111,356,1
83,5,116,323,87,248,1
83,11,762,395,52,158,1
83,15,805,283,102,376,1
83,16,376,317,64,273,1
83,12,-8,344,127,217,1
83,8,629,354,71,192,1
84,1,911,271,150,392,1
84,2,290,290,121,360,1
84,3,431,297,112,357,1
84,5,117,323,87,249,1
84,11,758,396,52,157,1
84,15,803,283,104,377,1
84,16,377,318,63,275,1
84,12,-7,346,124,215,1
84,8,630,351,72,195,1
85,1,914,275,147,387,1
85,2,290,288,123,363,1
85,3,433,297,112,359,1
85,5,116,323,88,249,1
85,11,757,397,52,157,1
85,15,801,284,105,376,1
85,16,377,316,64,279,1
85,12,-8,343,123,218,1
85,8,629,352,72,196,1
86,1,915,277,147,388,1
86,2,292,286,125,365,1
86,3,432,295,115,363,1
86,5,115,322,88,248,1
86,11,759,398,51,154,1
86,15,801,285,106,375,1
86,12,-7,345,120,216,1
86,8,633,353,70,192,1
87,1,919,277,145,390,1
87,2,294,287,124,360,1
87,3,432,293,116,367,1
87,5,113,322,88,249,1
87,11,761,403,51,150,1
87,15,801,282,108,378,1
87,12,0,367,109,192,1
87,8,642,355,68,190,1
88,1,924,276,143,388,1
88,2,294,287,127,363,1
88,3,432,291,116,367,1
88,5,112,320,89,250,1
88,11,760,402,51,151,1
88,15,801,278,110,381,1
88,12,-6,344,119,217,1
89,1,929,276,142,387,1
89,2,293,289,128,365,1
89,3,432,291,115,367,1
89,5,110,320,89,250,1
89,11,759,403,50,150,1
89,15,802,273,110,384,1
90,1,933,273,142,386,1
90,2,294,292,128,360,1
90,3,432,291,115,368,1
90,5,109,319,89,250,1
90,11,759,403,51,149,1
90,15,803,270,110,385,1
90,8,642,354,66,189,1
91,1,939,272,141,387,1
91,2,294,294,129,358,1
91,3,432,292,115,367,1
91,5,107,320,89,249,1
91,11,759,404,51,148,1
91,15,804,269,111,385,1
91,8,651,358,61,184,1
91,14,685,368,78,150,1
92,1,943,270,142,388,1
92,2,294,296,130,356,1
92,3,432,292,115,368,1
92,5,106,320,88,248,1
92,11,758,401,52,152,1
92,15,806,269,110,386,1
92,8,659,361,59,181,1
92,14,684,373,70,145,1
93,1,947,270,144,389,1
93,2,294,294,132,360,1
93,3,432,291,114,369,1
93,5,105,319,88,250,1
93,11,758,400,52,153,1
93,15,807,271,111,387,1
93,8,654,356,60,190,1
94,1,952,269,145,390,1
94,2,294,295,132,356,1
94,3,432,291,114,370,1
94,5,104,319,88,250,1
94,11,757,400,53,156,1
94,15,810,275,110,381,1
94,8,660,354,60,191,1
95,1,954,268,149,391,1
95,2,294,291,135,364,1
95,3,433,292,113,367,1
95,5,104,321,88,250,1
95,11,756,398,53,156,1
95,15,812,275,110,383,1
95,8,661,350,60,195,1
96,1,958,269,150,390,1
96,2,293,289,137,368,1
96,3,433,294,113,365,1
96,5,104,321,88,250,1
96,11,756,399,53,155,1
96,15,812,276,111,384,1
96,8,661,351,58,194,1
96,12,-55,288,162,334,1
97,1,963,273,150,387,1
97,2,295,291,135,363,1
97,3,431,294,114,368,1
97,5,104,321,88,251,1
97,11,755,401,52,153,1
97,15,812,276,111,386,1
97,8,663,349,55,190,1
98,1,964,275,151,385,1
98,2,294,288,136,367,1
98,3,428,293,113,369,1
98,5,104,321,88,251,1
98,11,753,403,52,151,1
98,15,811,276,112,387,1
98,8,661,349,55,193,1
98,14,588,366,75,169,1
98,12,-49,284,152,348,1
99,1,964,277,152,384,1
99,2,294,288,137,369,1
99,3,428,295,112,367,1
99,5,104,321,88,252,1
99,11,751,403,51,151,1
99,15,810,274,113,388,1
99,8,662,349,54,192,1
99,14,581,366,73,170,1
99,12,-41,282,140,352,1
100,1,963,278,153,383,1
100,2,296,289,136,369,1
100,3,426,295,111,365,1
100,5,104,320,88,253,1
100,11,750,405,51,149,1
100,15,810,273,113,388,1
100,8,662,351,54,194,1
100,14,580,367,70,165,1
100,10,512,349,51,198,1
101,1,964,279,153,382,1
101,2,299,289,134,368,1
101,3,425,294,110,363,1
101,5,104,319,88,254,1
101,11,749,404,51,148,1
101,15,810,272,113,388,1
101,8,662,350,54,195,1
101,10,511,347,51,199,1
102,1,962,277,154,385,1
102,2,298,289,135,371,1
102,3,425,294,110,363,1
102,5,103,317,89,256,1
102,11,748,401,51,151,1
102,15,810,271,114,389,1
102,8,662,352,53,194,1
102,10,510,345,51,201,1
102,12,-28,279,127,342,1
103,1,961,277,154,383,1
103,2,299,291,133,369,1
103,3,424,294,109,364,1
103,5,103,316,89,257,1
103,11,747,399,53,153,1
103,15,809,270,114,390,1
103,8,663,353,51,193,1
103,10,510,343,51,203,1
103,12,-23,276,120,342,1
104,1,960,274,154,386,1
104,2,300,292,131,368,1
104,3,423,292,109,368,1
104,5,102,316,90,258,1
104,11,747,396,53,157,1
104,15,809,272,114,388,1
104,8,663,354,50,192,1
104,10,512,343,50,203,1
104,12,-18,277,115,340,1
105,1,959,272,154,388,1
105,2,301,293,130,367,1
105,3,423,290,109,371,1
105,5,102,315,90,259,1
105,11,745,395,55,160,1
105,15,810,276,114,384,1
105,8,663,355,49,191,1
105,10,511,345,50,201,1
105,12,-13,277,110,337,1
106,1,957,268,155,393,1
106,2,303,292,130,366,1
106,3,423,290,108,372,1
106,5,102,317,90,257,1
106,11,746,394,54,161,1
106,15,810,278,115,383,1
106,8,663,354,49,192,1
106,10,511,347,50,203,1
106,12,-11,273,107,341,1
107,1,957,268,154,395,1
107,2,305,291,129,367,1
107,3,425,289,108,373,1
107,5,102,318,90,256,1
107,11,747,395,54,160,1
107,15,809,279,115,382,1
107,8,663,352,50,194,1
107,10,511,348,50,200,1
107,12,-10,273,107,344,1
108,1,957,269,152,394,1
108,2,310,290,128,365,1
108,3,426,289,107,373,1
108,5,101,318,90,255,1
108,11,747,399,52,154,1
108,15,809,280,115,380,1
108,8,663,350,50,197,1
108,10,512,346,49,198,1
108,12,-5,277,103,337,1
109,1,957,270,150,393,1
109,2,313,291,128,362,1
109,3,429,289,107,372,1
109,5,101,319,90,253,1
109,11,749,397,53,156,1
109,15,808,278,118,383,1
109,8,663,348,50,199,1
109,10,511,342,50,200,1
109,12,-2,279,101,335,1
110,1,958,274,147,388,1
110,2,314,290,128,360,1
110,3,431,289,107,371,1
110,5,100,319,90,253,1
110,11,749,397,54,156,1
110,15,807,276,119,386,1
110,8,664,347,50,200,1
110,10,512,344,48,193,1
110,12,0,282,100,332,1
111,1,961,278,143,382,1
111,2,314,290,128,359,1
111,3,433,289,108,372,1
111,5,99,318,91,254,1
111,11,749,398,53,155,1
111,15,806,273,120,389,1
111,8,664,346,51,201,1
111,12,0,283,100,333,1
112,1,964,280,141,378,1
112,2,314,289,129,360,1
112,3,433,289,109,374,1
112,5,97,316,91,254,1
112,11,748,402,51,150,1
112,15,806,272,121,388,1
112,8,665,347,49,201,1
112,12,0,284,100,332,1
113,1,966,278,141,381,1
113,2,313,288,132,365,1
113,3,433,288,109,375,1
113,5,95,315,91,255,1
113,11,748,399,52,152,1
113,15,806,270,123,392,1
113,8,666,350,49,198,1
113,12,0,283,100,333,1
114,1,970,279,140,380,1
114,2,313,288,131,367,1
114,3,435,289,109,372,1
114,5,93,314,92,255,1
114,11,749,398,52,151,1
114,15,808,268,124,394,1
114,8,667,351,49,197,1
114,12,1,279,102,340,1
115,1,974,279,138,377,1
115,2,311,287,131,370,1
115,3,436,289,108,370,1
115,5,93,313,91,255,1
115,11,749,396,51,152,1
115,15,814,270,122,387,1
115,8,667,353,48,195,1
115,12,1,276,104,347,1
116,1,976,278,138,378,1
116,2,311,289,131,367,1
116,3,437,288,109,370,1
116,5,92,312,91,257,1
116,11,748,396,52,153,1
116,15,818,271,121,385,1
116,8,667,353,48,195,1
116,12,2,274,105,350,1
116,17,798,366,50,188,1
117,1,977,277,139,377,1
117,2,310,289,131,367,1
117,3,438,287,110,372,1
117,5,91,311,90,260,1
117,11,747,394,53,157,1
117,15,821,270,120,385,1
117,8,667,354,49,194,1
117,12,2,272,105,352,1
117,17,799,369,49,185,1
118,1,979,272,141,383,1
118,2,310,290,130,367,1
118,3,441,288,111,372,1
118,5,90,311,91,262,1
118,11,747,395,52,156,1
118,15,822,272,120,384,1
118,8,668,354,49,194,1
118,12,3,272,106,352,1
118,17,799,371,49,183,1
119,1,982,270,143,384,1
119,2,307,290,132,371,1
119,3,444,290,112,372,1
119,5,90,313,89,261,1
119,11,746,395,52,156,1
119,15,828,272,120,389,1
119,8,668,354,49,195,1
119,12,4,272,106,350,1
119,17,797,366,50,188,1
120,1,982,269,144,386,1
120,2,305,291,131,369,1
120,3,444,290,113,371,1
120,5,91,316,86,257,1
120,11,746,396,51,155,1
120,15,832,276,118,384,1
120,8,667,353,49,196,1
120,12,6,273,107,352,1
120,17,796,365,51,189,1
121,1,983,269,145,386,1
121,2,302,291,130,369,1
121,3,444,290,113,369,1
121,5,92,318,84,255,1
121,11,746,398,50,153,1
121,15,833,273,118,391,1
121,8,667,352,50,196,1
121,12,7,274,106,351,1
121,17,796,367,51,187,1
122,1,983,272,145,382,1
122,2,299,290,130,370,1
122,3,444,291,113,368,1
122,5,92,319,83,256,1
122,11,745,398,50,153,1
122,15,834,273,118,394,1
122,8,668,351,50,198,1
122,12,10,280,105,343,1
122,17,795,366,51,189,1
123,1,983,274,145,381,1
123,2,295,287,131,374,1
123,3,442,292,113,367,1
123,5,93,318,83,257,1
123,11,743,398,50,153,1
123,15,836,272,118,394,1
123,8,668,351,50,198,1
123,12,15,283,102,338,1
123,17,794,366,51,188,1
124,1,982,276,145,380,1
124,2,295,285,129,375,1
124,3,438,292,114,367,1
124,5,93,317,82,259,1
124,11,743,398,49,153,1
124,15,838,271,117,395,1
124,8,668,350,51,199,1
124,12,19,285,103,338,1
124,17,793,367,51,186,1
125,1,981,279,146,379,1
125,2,293,284,130,377,1
125,3,437,293,112,368,1
125,5,95,315,81,261,1
125,11,742,397,50,154,1
125,15,840,271,117,395,1
125,8,669,350,51,199,1
125,12,21,287,103,336,1
125,17,792,366,52,188,1
126,1,981,278,145,378,1
126,2,294,281,130,378,1
126,3,436,293,111,367,1
126,5,98,310,81,264,1
126,11,741,396,51,155,1
126,15,842,270,116,392,1
126,8,669,350,51,198,1
126,12,24,290,102,333,1
126,17,791,366,53,189,1
127,1,978,278,146,378,1
127,2,295,280,129,378,1
127,3,435,292,110,370,1
127,5,100,310,80,263,1
127,11,741,395,51,156,1
127,15,845,270,114,389,1
127,8,669,351,51,197,1
127,12,28,291,102,334,1
127,17,790,366,54,190,1
128,1,975,278,146,378,1
128,2,294,279,129,381,1
128,3,433,292,110,370,1
128,5,102,308,77,265,1
128,11,739,394,52,158,1
128,15,846,271,114,389,1
128,8,668,352,51,195,1
128,12,30,280,106,346,1
128,17,788,368,53,185,1
129,1,973,276,147,379,1
129,2,294,280,128,380,1
129,3,431,292,110,370,1
129,11,737,392,52,160,1
129,15,847,273,113,387,1
129,8,668,353,51,194,1
129,12,38,278,108,345,1
129,17,784,365,54,186,1
130,1,970,275,148,380,1
130,2,293,281,128,379,1
130,3,431,290,109,372,1
130,11,735,390,52,162,1
130,15,848,274,113,388,1
130,8,667,353,51,194,1
130,12,45,276,109,343,1
130,17,783,371,53,179,1
131,1,967,271,149,383,1
131,2,293,282,128,376,1
131,3,430,290,109,372,1
131,11,734,391,52,161,1
131,15,849,275,113,389,1
131,8,666,354,52,193,1
131,12,48,276,111,345,1
131,17,780,366,55,183,1
131,10,525,338,59,231,1
132,1,965,268,149,386,1
132,2,293,282,127,376,1
132,3,430,288,109,374,1
132,11,734,392,52,159,1
132,15,850,275,113,389,1
132,8,666,354,51,192,1
132,12,50,277,111,342,1
132,17,779,363,55,186,1
132,10,528,338,61,233,1
133,1,963,267,149,388,1
133,2,294,284,126,373,1
133,3,429,288,109,374,1
133,11,735,394,51,157,1
133,15,851,275,112,388,1
133,8,666,354,51,192,1
133,12,51,277,110,339,1
133,17,778,361,56,191,1
133,10,530,339,63,232,1
134,1,962,271,147,383,1
134,2,293,284,127,374,1
134,3,428,287,110,376,1
134,11,736,396,50,157,1
134,15,851,274,112,388,1
134,8,667,354,52,191,1
134,12,51,280,110,336,1
134,17,778,362,55,186,1
134,10,530,340,63,231,1
135,1,962,275,145,380,1
135,2,294,286,126,372,1
135,3,429,289,108,372,1
135,11,737,398,49,152,1
135,15,851,273,112,389,1
135,8,668,353,52,192,1
135,12,52,282,110,333,1
135,17,777,362,56,187,1
135,10,531,338,66,234,1
136,1,962,277,143,377,1
136,2,296,286,125,372,1
136,3,428,289,108,368,1
136,11,737,399,49,151,1
136,15,851,271,112,392,1
136,8,668,351,54,194,1
136,12,51,285,109,332,1
136,17,777,363,56,186,1
136,10,529,338,67,234,1
137,1,963,282,141,372,1
137,2,296,284,126,376,1
137,3,427,288,110,372,1
137,11,737,398,49,150,1
137,15,850,269,112,394,1
137,8,669,350,54,194,1
137,12,52,287,109,331,1
137,17,776,363,56,185,1
137,10,531,341,69,231,1
138,1,964,283,140,371,1
138,2,297,281,127,382,1
138,3,427,288,109,372,1
138,11,737,397,48,149,1
138,15,850,268,111,392,1
138,8,669,350,55,194,1
138,12,51,289,109,330,1
138,17,776,363,56,185,1
138,10,533,341,72,231,1
139,1,965,282,140,372,1
139,2,297,280,127,383,1
139,3,425,288,110,373,1
139,11,736,395,48,151,1
139,15,850,266,112,396,1
139,8,670,351,55,191,1
139,12,49,288,111,336,1
139,17,774,366,56,180,1
139,10,531,340,75,233,1
140,1,967,281,139,374,1
140,2,296,278,128,385,1
140,3,423,287,112,377,1
140,11,734,393,49,156,1
140,15,850,266,112,397,1
140,8,671,353,55,189,1
140,12,49,285,111,338,1
140,17,774,366,56,181,1
140,10,529,338,76,236,1
141,1,968,280,139,371,1
141,2,294,279,127,382,1
141,3,422,286,111,376,1
141,11,734,392,47,152,1
141,15,851,266,112,397,1
141,8,671,353,56,190,1
141,12,49,286,109,336,1
141,17,773,369,55,176,1
141,10,527,336,77,239,1
142,1,970,278,139,373,1
142,2,292,278,128,384,1
142,3,421,284,111,378,1
142,11,733,393,47,148,1
142,15,851,268,111,396,1
142,8,670,354,56,190,1
142,12,49,282,111,342,1
142,17,773,365,56,182,1
142,10,527,336,77,238,1
143,1,971,274,138,373,1
143,2,290,277,128,385,1
143,3,419,282,112,383,1
143,11,734,395,46,145,1
143,15,850,268,112,398,1
143,8,670,355,57,189,1
143,12,52,278,113,347,1
143,17,774,365,57,181,1
143,10,526,335,78,238,1
144,1,972,270,139,379,1
144,2,290,279,127,383,1
144,3,417,282,112,385,1
144,11,732,395,47,148,1
144,15,851,271,110,394,1
144,8,671,357,57,187,1
144,12,54,276,113,347,1
144,17,773,363,58,184,1
144,10,527,335,77,236,1
145,1,972,266,141,383,1
145,2,290,280,127,380,1
145,3,416,281,112,385,1
145,11,732,397,46,144,1
145,15,853,272,108,391,1
145,8,673,356,57,186,1
145,12,55,275,111,345,1
145,17,774,366,58,181,1
145,10,531,337,77,234,1
146,1,972,267,141,382,1
146,2,291,282,126,376,1
146,3,414,282,112,384,1
146,11,728,396,48,151,1
146,15,854,274,107,390,1
146,8,674,356,58,187,1
146,12,55,276,111,344,1
146,17,774,363,59,186,1
146,10,533,339,75,231,1
147,1,973,272,139,373,1
147,2,290,285,126,373,1
147,3,413,279,112,387,1
147,11,727,396,48,151,1
147,15,854,274,106,388,1
147,8,676,355,59,187,1
147,12,56,278,110,341,1
147,17,773,366,59,183,1
147,10,533,340,74,230,1
148,1,974,276,137,368,1
148,2,290,286,127,376,1
148,3,412,279,112,384,1
148,11,724,397,50,152,1
148,15,854,272,107,394,1
148,8,676,354,58,184,1
148,12,56,282,110,338,1
148,17,773,368,59,181,1
148,10,533,342,73,228,1
148,19,163,379,65,115,1
149,1,974,280,137,365,1
149,2,289,288,127,375,1
149,3,412,280,111,381,1
149,11,722,397,50,152,1
149,15,854,271,107,395,1
149,8,675,354,59,185,1
149,12,58,286,109,333,1
149,17,772,364,61,185,1
149,10,533,339,73,231,1
149,19,163,379,60,105,1
150,1,973,280,138,367,1
150,2,287,289,128,375,1
150,3,411,282,110,378,1
150,11,720,397,49,151,1
150,15,854,269,107,397,1
150,8,675,354,59,186,1
150,12,60,290,108,332,1
150,17,771,362,61,186,1
150,10,535,340,72,228,1
150,19,164,379,59,103,1
151,1,972,280,139,370,1
151,2,284,288,129,374,1
151,3,407,283,111,378,1
151,11,718,397,49,149,1
151,15,854,269,107,396,1
151,8,675,352,59,186,1
151,12,59,293,108,329,1
151,17,770,362,61,186,1
151,10,539,345,70,218,1
151,19,166,379,59,102,1
152,1,971,280,140,369,1
152,2,279,285,131,379,1
152,3,404,282,112,382,1
152,11,718,398,48,148,1
152,15,854,267,106,398,1
152,8,676,350,59,186,1
152,12,61,292,109,328,1
152,17,771,361,60,185,1
152,10,542,344,68,213,1
152,19,167,380,59,101,1
153,1,970,278,140,370,1
153,2,276,285,132,378,1
153,3,401,282,113,386,1
153,11,717,398,49,146,1
153,15,853,269,106,398,1
153,8,676,350,59,185,1
153,12,62,291,111,327,1
153,17,770,362,60,185,1
153,10,548,344,71,213,1
153,19,168,380,59,101,1
154,1,968,277,141,371,1
154,2,276,286,131,377,1
154,3,400,285,111,381,1
154,11,717,399,48,147,1
154,15,853,269,106,397,1
154,8,678,351,58,181,1
154,12,66,286,112,333,1
154,17,770,363,59,184,1
154,10,549,341,70,213,1
154,19,170,380,58,101,1
155,1,966,275,142,372,1
155,2,274,282,133,382,1
155,3,397,286,111,378,1
155,11,716,400,49,146,1
155,15,853,269,105,395,1
155,8,678,353,59,180,1
155,12,67,282,115,339,1
155,17,770,361,59,186,1
155,10,549,341,71,220,1
155,19,170,380,59,101,1
156,1,964,272,143,375,1
156,2,273,280,133,385,1
156,3,394,284,111,377,1
156,11,716,400,50,146,1
156,15,852,271,105,395,1
156,8,680,355,59,180,1
156,12,68,279,115,342,1
156,17,769,360,60,189,1
156,10,552,341,72,224,1
156,19,169,380,60,102,1
157,1,962,269,143,377,1
157,2,273,282,131,382,1
157,3,392,281,112,380,1
157,11,716,400,50,146,1
157,15,851,272,105,395,1
157,8,683,355,57,176,1
157,12,68,277,116,344,1
157,17,768,360,60,189,1
157,10,554,340,72,227,1
157,19,170,380,59,101,1
158,1,960,268,142,378,1
158,2,271,284,131,382,1
158,3,392,279,114,382,1
158,11,716,400,50,147,1
158,15,850,270,105,396,1
158,8,685,355,56,175,1
158,12,70,279,113,337,1
158,17,767,357,61,192,1
158,10,556,340,73,227,1
158,19,170,380,59,101,1
159,1,957,270,141,377,1
159,2,273,284,129,379,1
159,3,391,278,116,383,1
159,11,715,398,52,149,1
159,15,849,270,104,393,1
159,8,685,355,57,177,1
159,12,70,277,115,342,1
159,17,767,356,60,193,1
159,10,557,339,73,229,1
159,19,170,380,60,101,1
160,1,956,271,140,377,1
160,2,274,287,127,374,1
160,3,390,277,118,386,1
160,11,716,397,51,148,1
160,15,846,268,105,395,1
160,8,685,356,57,175,1
160,12,71,277,114,343,1
160,17,765,355,61,194,1
160,10,558,340,73,229,1
160,19,170,380,60,101,1
161,1,956,275,138,373,1
161,2,272,286,127,376,1
161,3,389,277,120,389,1
161,11,716,395,50,146,1
161,15,843,265,106,398,1
161,8,685,356,56,178,1
161,12,73,280,113,341,1
161,17,764,355,61,195,1
161,10,559,342,72,226,1
161,19,170,379,60,103,1
162,1,956,277,136,371,1
162,2,271,286,128,378,1
162,3,388,281,120,385,1
162,11,714,392,51,148,1
162,15,841,263,106,400,1
162,8,685,354,57,182,1
162,12,75,284,111,337,1
162,17,763,355,62,195,1
162,10,561,342,71,224,1
162,19,170,379,60,103,1
163,1,956,278,136,370,1
163,2,270,286,127,376,1
163,3,388,284,120,380,1
163,11,713,390,51,149,1
163,15,840,260,107,402,1
163,8,687,352,57,185,1
163,12,76,289,110,331,1
163,17,763,355,62,195,1
163,10,574,342,68,216,1
163,19,170,379,60,102,1
163,20,44,309,62,271,1
164,1,957,278,135,372,1
164,2,270,285,126,375,1
164,3,388,286,120,379,1
164,11,713,389,51,152,1
164,15,839,257,108,405,1
164,8,691,362,55,178,1
164,12,79,291,108,327,1
164,17,762,357,61,193,1
164,10,583,342,65,208,1
164,19,171,379,60,102,1
164,20,46,309,62,272,1
165,1,958,278,134,368,1
165,2,269,284,127,377,1
165,3,387,286,121,382,1
165,11,712,388,52,154,1
165,15,838,256,109,406,1
165,8,691,365,55,175,1
165,12,79,292,107,324,1
165,17,760,358,61,191,1
165,10,586,342,66,214,1
165,19,172,380,59,101,1
165,20,45,308,63,275,1
166,1,960,277,134,370,1
166,2,269,285,127,378,1
166,3,386,285,122,385,1
166,11,713,392,50,148,1
166,15,839,255,108,407,1
166,8,691,356,56,183,1
166,12,82,290,106,327,1
166,17,760,358,61,191,1
166,10,587,345,65,212,1
166,19,172,380,59,100,1
166,20,45,308,63,273,1
167,1,962,275,133,368,1
167,2,269,284,127,381,1
167,3,385,283,123,388,1
167,11,713,392,50,148,1
167,15,838,254,110,410,1
167,8,691,355,56,182,1
167,12,83,287,107,329,1
167,17,759,358,62,191,1
167,10,587,347,63,205,1
167,19,172,380,59,100,1
167,20,44,306,64,272,1
168,1,962,274,132,367,1
168,2,267,282,128,385,1
168,3,382,280,124,389,1
168,11,713,390,50,151,1
168,15,839,254,110,413,1
168,8,693,354,56,182,1
168,12,84,283,107,331,1
168,17,758,358,62,190,1
168,10,589,350,61,200,1
168,19,172,380,59,100,1
168,20,42,305,64,271,1
169,1,962,270,133,372,1
169,2,264,283,128,385,1
169,3,380,277,124,390,1
169,11,709,386,53,157,1
169,15,840,255,110,413,1
169,12,85,279,108,337,1
169,17,757,357,62,191,1
169,10,591,351,61,200,1
169,19,171,378,60,102,1
169,20,41,304,64,272,1
170,1,962,270,133,372,1
170,2,262,284,129,386,1
170,3,378,276,124,391,1
170,11,710,386,52,157,1
170,15,840,257,109,412,1
170,12,86,278,109,338,1
170,17,756,357,63,191,1
170,10,590,348,63,206,1
170,19,171,378,60,102,1
170,20,39,303,65,272,1
171,1,962,271,134,372,1
171,2,261,284,130,388,1
171,3,377,276,124,390,1
171,11,709,383,53,160,1
171,15,841,260,109,409,1
171,12,88,277,109,340,1
171,17,756,357,64,191,1
171,10,590,348,63,202,1
171,19,171,379,60,102,1
171,20,38,305,65,272,1
172,1,962,276,133,367,1
172,2,260,284,131,391,1
172,3,376,274,124,393,1
172,11,711,385,52,158,1
172,15,843,262,108,405,1
172,12,91,279,108,340,1
172,17,755,357,64,191,1
172,10,592,348,62,199,1
172,19,173,378,58,101,1
172,20,39,306,65,270,1
173,1,963,274,132,366,1
173,2,258,283,132,391,1
173,3,376,275,124,393,1
173,11,711,386,51,157,1
173,15,845,263,107,403,1
173,12,93,282,107,337,1
173,17,754,357,64,191,1
173,10,592,346,62,199,1
173,19,175,378,56,100,1
173,20,39,307,66,267,1
174,1,963,275,132,364,1
174,2,257,285,132,388,1
174,3,377,276,123,393,1
174,11,712,387,52,156,1
174,15,847,263,106,400,1
174,12,96,286,105,331,1
174,17,753,358,63,190,1
174,10,594,345,63,200,1
174,19,176,377,56,100,1
174,20,40,309,66,265,1
175,1,963,279,131,358,1
175,2,256,285,133,388,1
175,3,374,277,122,390,1
175,11,713,389,51,153,1
175,15,848,264,105,397,1
175,12,100,290,105,328,1
175,17,753,358,63,189,1
175,10,594,345,63,201,1
175,20,40,311,67,264,1
176,1,962,281,132,359,1
176,2,256,285,132,385,1
176,3,371,276,121,390,1
176,11,714,391,50,149,1
176,15,849,260,106,403,1
176,12,103,291,105,327,1
176,17,752,359,62,187,1
176,10,596,345,62,199,1
176,20,40,311,68,264,1
177,1,960,281,133,359,1
177,2,255,286,132,384,1
177,3,370,278,120,391,1
177,11,713,387,52,157,1
177,15,844,260,108,406,1
177,12,105,292,105,326,1
177,17,752,359,61,187,1
177,10,597,345,61,196,1
177,20,41,312,69,263,1
178,1,957,280,135,364,1
178,2,250,286,133,385,1
178,3,368,277,121,393,1
178,11,714,395,49,145,1
178,15,847,254,109,412,1
178,12,109,293,103,323,1
178,17,751,363,59,182,1
178,10,598,345,61,193,1
178,20,41,310,70,262,1
179,1,956,281,136,366,1
179,2,247,282,135,391,1
179,3,367,277,120,394,1
179,11,711,375,56,169,1
179,15,848,253,108,411,1
179,12,112,292,104,324,1
179,17,749,359,61,189,1
179,10,599,347,61,193,1
179,20,41,310,71,263,1
180,1,954,283,136,364,1
180,2,243,282,136,393,1
180,3,366,276,120,396,1
180,11,711,370,58,176,1
180,15,848,256,107,406,1
180,12,115,291,105,326,1
180,17,747,359,61,190,1
180,10,603,349,62,193,1
180,20,41,309,72,264,1
181,1,951,280,138,369,1
181,2,241,281,136,393,1
181,3,362,274,120,397,1
181,11,712,367,59,179,1
181,15,848,259,106,403,1
181,12,118,289,106,327,1
181,17,743,359,61,190,1
181,10,606,351,61,192,1
181,20,41,307,74,266,1
182,1,950,276,136,368,1
182,2,239,280,137,392,1
182,3,362,274,120,395,1
182,11,712,377,55,170,1
182,15,847,262,106,401,1
182,12,120,287,106,329,1
182,17,742,358,61,190,1
182,10,616,346,64,198,1
182,20,41,307,75,266,1
183,1,949,276,135,365,1
183,2,238,279,138,392,1
183,3,362,274,119,393,1
183,11,712,376,54,170,1
183,15,845,262,108,404,1
183,12,124,285,105,329,1
183,17,739,358,62,190,1
183,10,621,348,63,196,1
183,20,41,306,77,269,1
184,1,946,277,135,366,1
184,2,236,279,139,395,1
184,3,361,275,120,395,1
184,11,711,371,55,176,1
184,15,847,265,107,401,1
184,12,125,284,106,334,1
184,17,742,362,61,186,1
184,10,628,350,63,195,1
184,20,40,308,79,268,1
185,1,946,279,134,363,1
185,2,236,279,138,396,1
185,3,359,274,120,397,1
185,11,713,379,52,165,1
185,15,847,265,107,399,1
185,12,126,284,106,332,1
185,17,744,363,59,183,1
185,10,639,350,61,194,1
185,20,40,308,81,269,1
186,1,946,281,131,359,1
186,2,238,279,138,395,1
186,3,359,274,120,396,1
186,11,715,384,49,158,1
186,15,846,263,110,404,1
186,12,130,286,103,328,1
186,17,745,366,57,178,1
186,10,648,347,60,198,1
186,20,40,309,83,267,1
186,21,612,381,38,147,1
187,1,946,284,128,353,1
187,2,240,282,134,387,1
187,3,358,273,121,396,1
187,11,716,388,47,154,1
187,15,845,259,111,408,1
187,12,132,289,102,326,1
187,17,746,369,55,173,1
187,10,654,347,58,198,1
187,20,38,311,85,266,1
187,21,613,384,38,148,1
187,22,1054,402,189,92,1
188,1,946,286,126,348,1
188,2,241,284,132,382,1
188,3,357,272,121,396,1
188,11,714,390,47,151,1
188,15,845,259,112,409,1
188,12,135,292,100,323,1
188,17,745,370,55,172,1
188,10,658,347,57,197,1
188,20,34,311,87,266,1
188,21,614,382,38,148,1
188,22,1047,402,204,98,1
189,1,946,286,126,351,1
189,2,242,286,131,382,1
189,3,353,269,124,400,1
189,11,711,384,48,158,1
189,15,844,258,112,410,1
189,12,136,296,98,318,1
189,17,742,363,58,182,1
189,10,661,345,56,200,1
189,20,31,311,89,266,1
189,21,616,379,38,149,1
189,22,1052,403,195,95,1
190,1,946,286,126,353,1
190,2,243,287,130,383,1
190,3,354,271,124,396,1
190,11,710,387,47,155,1
190,15,844,257,112,408,1
190,12,138,298,95,314,1
190,17,740,358,60,187,1
190,10,664,344,56,203,1
190,20,27,311,91,267,1
190,21,618,379,37,148,1
190,22,1057,401,188,91,1
191,1,947,286,124,350,1
191,2,245,287,129,384,1
191,3,353,273,125,394,1
191,11,708,385,48,157,1
191,15,845,255,113,412,1
191,12,139,299,94,313,1
191,17,738,353,62,194,1
191,10,665,343,56,203,1
191,20,23,310,91,266,1
191,21,619,378,37,144,1
191,22,1066,403,185,89,1
192,1,948,284,125,352,1
192,2,247,285,130,390,1
192,3,353,272,126,398,1
192,11,704,374,50,167,1
192,15,844,253,114,416,1
192,12,141,300,92,313,1
192,17,738,353,63,194,1
192,10,666,343,57,204,1
192,20,19,310,92,265,1
192,21,621,379,36,143,1
192,22,1072,403,179,85,1
193,1,949,284,124,349,1
193,2,250,286,127,388,1
193,3,353,272,128,401,1
193,11,703,371,50,169,1
193,15,844,255,114,415,1
193,12,142,299,91,314,1
193,17,737,354,63,193,1
193,10,669,343,56,204,1
193,20,17,309,93,266,1
193,22,1069,404,183,86,1
194,1,948,280,127,356,1
194,2,253,286,126,390,1
194,3,353,272,129,405,1
194,11,697,360,54,183,1
194,15,843,255,114,414,1
194,12,142,294,92,322,1
194,17,738,356,62,191,1
194,10,671,344,56,203,1
194,20,16,307,93,268,1
194,22,1069,403,185,87,1
194,23,477,362,40,105,1
195,1,947,277,128,360,1
195,2,254,284,125,392,1
195,3,352,271,130,408,1
195,15,844,255,114,412,1
195,12,141,290,93,327,1
195,17,738,358,63,189,1
195,10,674,347,57,202,1
195,20,14,306,93,268,1
195,23,477,362,41,105,1
196,1,948,277,128,360,1
196,2,257,285,123,389,1
196,3,352,271,130,409,1
196,15,847,257,113,408,1
196,12,142,288,92,328,1
196,17,739,358,63,189,1
196,10,678,349,58,199,1
196,20,12,306,93,267,1
196,23,478,361,41,107,1
197,1,948,278,128,357,1
197,2,258,285,122,387,1
197,3,352,271,130,410,1
197,15,847,257,113,408,1
197,12,144,287,91,328,1
197,17,740,358,63,190,1
197,10,679,351,59,197,1
197,20,11,306,93,267,1
197,23,478,360,41,108,1
198,1,948,278,129,360,1
198,2,258,284,122,388,1
198,3,352,272,128,405,1
198,15,850,257,113,407,1
198,12,144,283,91,334,1
198,17,740,358,64,189,1
198,10,679,351,60,195,1
198,20,9,306,93,267,1
198,23,478,359,42,109,1
199,1,950,283,126,351,1
199,2,258,285,121,388,1
199,3,350,273,128,400,1
199,15,852,259,113,406,1
199,12,144,284,90,335,1
199,17,742,357,64,190,1
199,10,678,350,62,194,1
199,20,8,307,93,267,1
199,23,478,358,43,110,1
200,1,952,285,125,349,1
200,2,258,285,121,387,1
200,3,350,273,129,402,1
200,15,852,257,113,410,1
200,12,147,288,88,331,1
200,17,742,357,64,189,1
200,10,678,350,64,196,1
200,20,8,309,92,265,1
200,23,479,359,42,109,1
201,1,951,285,127,355,1
201,2,257,287,120,386,1
201,3,348,271,129,403,1
201,15,852,257,112,408,1
201,12,148,292,87,325,1
201,17,744,357,64,189,1
201,10,679,350,65,197,1
201,20,8,311,91,262,1
201,23,478,359,42,109,1
202,1,951,284,127,356,1
202,2,256,287,121,385,1
202,3,351,272,128,405,1
202,15,852,255,113,413,1
202,12,149,292,87,330,1
202,17,744,356,65,190,1
202,10,681,351,65,196,1
202,20,7,311,91,262,1
202,23,478,360,42,108,1
203,1,951,284,127,358,1
203,2,254,287,122,387,1
203,3,352,272,128,407,1
203,15,852,254,113,411,1
203,12,152,296,84,322,1
203,17,746,354,65,192,1
203,10,683,349,67,197,1
203,20,7,311,91,262,1
203,23,478,360,43,108,1
204,1,950,284,127,358,1
204,2,250,285,122,385,1
204,3,351,272,127,404,1
204,15,853,252,114,417,1
204,12,154,297,82,321,1
204,17,746,354,66,192,1
204,10,685,350,67,196,1
204,20,5,310,92,263,1
204,23,478,360,43,108,1
205,1,949,282,127,360,1
205,2,248,287,121,381,1
205,3,351,272,126,402,1
205,15,854,253,113,415,1
205,12,155,298,81,319,1
205,17,746,355,65,188,1
205,10,688,349,67,195,1
205,20,4,308,93,265,1
205,23,477,361,44,108,1
206,1,948,280,126,362,1
206,2,245,290,121,379,1
206,3,349,273,125,401,1
206,15,854,254,112,413,1
206,12,157,297,81,318,1
206,17,744,357,64,184,1
206,10,687,349,68,195,1
206,20,4,306,93,265,1
206,23,478,361,43,108,1
207,1,946,279,126,363,1
207,2,244,294,120,375,1
207,3,347,275,125,399,1
207,15,855,256,112,413,1
207,12,159,294,80,322,1
207,17,743,358,64,183,1
207,10,688,348,68,198,1
207,20,4,304,94,268,1
207,23,478,361,44,108,1
208,1,945,279,123,358,1
208,2,241,289,124,383,1
208,3,348,275,126,402,1
208,15,855,258,111,408,1
208,12,160,291,80,325,1
208,17,741,356,64,185,1
208,10,690,348,68,199,1
208,20,3,303,95,270,1
208,23,478,362,45,107,1
209,1,945,282,120,352,1
209,2,239,287,126,385,1
209,3,347,275,128,408,1
209,15,856,261,111,405,1
209,12,161,289,80,327,1
209,17,741,357,61,183,1
209,10,692,349,67,198,1
209,20,4,303,96,271,1
209,23,477,362,46,108,1
210,1,943,284,119,350,1
210,2,237,289,126,387,1
210,3,346,274,129,410,1
210,15,854,263,112,407,1
210,12,163,289,78,325,1
210,17,742,357,59,181,1
210,10,694,350,67,196,1
210,20,4,303,97,271,1
210,23,478,362,45,108,1
211,1,944,286,116,345,1
211,2,236,288,126,384,1
211,3,345,270,128,410,1
211,15,851,264,114,411,1
211,12,164,289,76,323,1
211,17,762,357,56,178,1
211,10,695,351,66,194,1
211,20,5,304,97,270,1
211,23,478,363,46,107,1
212,1,945,288,114,342,1
212,2,234,290,124,376,1
212,3,345,267,128,411,1
212,15,848,262,114,415,1
212,12,165,291,75,323,1
212,17,768,356,57,182,1
212,10,700,353,65,192,1
212,20,4,305,98,269,1
212,23,478,363,46,107,1
213,1,944,289,115,349,1
213,2,233,291,124,372,1
213,3,345,266,128,408,1
213,15,847,261,116,418,1
213,12,165,291,74,320,1
213,17,771,356,57,184,1
213,10,705,355,64,190,1
213,20,3,306,98,269,1
213,23,479,364,45,104,1
214,1,945,290,115,350,1
214,2,232,293,123,371,1
214,3,345,265,129,407,1
214,15,848,257,117,422,1
214,12,167,293,72,315,1
214,17,772,354,58,187,1
214,10,710,353,65,192,1
214,20,3,307,98,267,1
214,23,479,362,45,106,1
214,11,675,383,46,159,1
215,1,947,290,112,345,1
215,2,230,295,123,370,1
215,3,344,265,130,407,1
215,15,848,255,117,422,1
215,12,168,295,71,313,1
215,17,775,354,57,185,1
215,10,713,352,64,191,1
215,20,2,307,98,267,1
215,23,478,360,47,108,1
215,11,673,387,46,155,1
216,1,948,289,111,345,1
216,2,231,298,123,368,1
216,3,344,267,131,405,1
216,15,849,252,118,423,1
216,12,169,298,69,312,1
216,17,777,354,58,188,1
216,10,715,352,65,190,1
216,20,1,307,98,266,1
216,23,478,360,47,108,1
216,11,672,391,45,151,1
217,1,949,290,110,342,1
217,2,232,299,122,367,1
217,3,346,269,130,403,1
217,15,849,249,117,424,1
217,12,169,301,69,312,1
217,17,779,354,58,188,1
217,10,717,352,65,190,1
217,20,0,307,99,268,1
217,23,478,359,47,109,1
217,11,672,395,46,148,1
218,1,950,289,110,345,1
218,2,234,300,122,367,1
218,3,345,269,131,403,1
218,15,849,246,119,430,1
218,12,169,299,68,312,1
218,17,781,354,57,185,1
218,10,720,352,66,192,1
218,20,0,307,98,268,1
218,23,478,360,47,108,1
218,11,671,396,46,146,1
219,1,951,286,110,350,1
219,2,235,301,122,367,1
219,3,343,271,132,400,1
219,15,849,246,119,432,1
219,12,168,299,68,313,1
219,17,781,354,57,185,1
219,10,722,350,67,196,1
219,20,0,307,99,267,1
219,23,478,360,47,108,1
219,11,671,396,45,144,1
